symbol,evaluated_sessions,eligible_sessions,ineligible_price_regime_sessions,spot_hits,spot_hit_rate,investigation_active_sessions,episodes,latest_state,max_diagnostic_evidence_score,max_active_evidence_confidence,first_evaluated,last_evaluated,sessions_merged,frequency_parity_all,value_parity_all,lot_parity_all,volume_match_all,volume_mismatch_count,volume_mismatch_dates
ANTM,75,75,0,2,0.0266666666666666,10,2,NO_INVESTIGATION,66.88,66.88,2026-06-12,2026-09-29,99,True,True,True,False,1,2026-05-29
INCO,75,75,0,3,0.04,11,2,NO_INVESTIGATION,58.27,58.27,2026-06-12,2026-09-29,99,True,True,True,False,1,2026-05-29
TINS,75,75,0,3,0.04,9,1,NO_INVESTIGATION,74.8,74.8,2026-06-12,2026-09-29,99,True,True,True,False,1,2026-05-29
BRMS,75,75,0,1,0.0133333333333333,5,1,NO_INVESTIGATION,57.58,57.58,2026-06-12,2026-09-29,99,True,True,True,False,1,2026-05-29
MDKA,75,75,0,2,0.0266666666666666,6,1,NO_INVESTIGATION,60.7,60.7,2026-06-12,2026-09-29,99,True,True,True,False,1,2026-05-29
BBCA,75,75,0,1,0.0133333333333333,5,1,NO_INVESTIGATION,53.98,53.98,2026-06-12,2026-09-29,99,True,True,True,False,1,2026-05-29
GOTO,75,0,75,0,,0,0,INELIGIBLE_PRICE_REGIME,,,2026-06-12,2026-09-29,99,True,True,True,False,1,2026-05-29
BBRI,75,75,0,0,0.0,0,0,NO_INVESTIGATION,48.56,,2026-06-12,2026-09-29,99,True,True,True,False,2,2026-05-29|2026-07-22
BMRI,75,75,0,0,0.0,0,0,NO_INVESTIGATION,46.13,,2026-06-12,2026-09-29,99,True,True,True,False,3,2026-05-29|2026-07-22|2026-07-29
BBNI,75,75,0,1,0.0133333333333333,5,1,NO_INVESTIGATION,48.5,40.97,2026-06-12,2026-09-29,99,True,True,True,False,1,2026-05-29
TLKM,75,75,0,2,0.0266666666666666,7,1,NO_INVESTIGATION,65.01,65.01,2026-06-12,2026-09-29,99,True,True,True,False,2,2026-05-29|2026-07-22
ISAT,75,75,0,5,0.0666666666666666,21,4,NO_INVESTIGATION,62.85,62.85,2026-06-12,2026-09-29,99,True,True,True,False,1,2026-05-29
PTBA,75,75,0,3,0.04,11,2,NO_INVESTIGATION,66.54,66.54,2026-06-12,2026-09-29,99,True,True,True,False,1,2026-05-29
ADRO,75,75,0,2,0.0266666666666666,10,2,NO_INVESTIGATION,64.95,64.95,2026-06-12,2026-09-29,99,True,True,True,False,1,2026-05-29
PGAS,75,75,0,1,0.0133333333333333,5,1,NO_INVESTIGATION,52.53,48.33,2026-06-12,2026-09-29,99,True,True,True,False,1,2026-05-29
ASII,75,75,0,4,0.0533333333333333,16,3,NO_INVESTIGATION,66.3,66.3,2026-06-12,2026-09-29,99,True,True,True,False,2,2026-05-29|2026-07-22
UNTR,75,75,0,3,0.04,13,2,NO_INVESTIGATION,62.18,62.18,2026-06-12,2026-09-29,99,True,True,True,False,1,2026-05-29
ICBP,75,75,0,2,0.0266666666666666,10,1,NO_INVESTIGATION,53.31,53.31,2026-06-12,2026-09-29,99,True,True,True,False,1,2026-05-29
INDF,75,75,0,3,0.04,12,2,NO_INVESTIGATION,61.6,61.6,2026-06-12,2026-09-29,99,True,True,True,False,1,2026-05-29
MYOR,75,75,0,4,0.0533333333333333,16,3,NO_INVESTIGATION,55.2,55.2,2026-06-12,2026-09-29,99,True,True,True,False,1,2026-05-29
CPIN,75,75,0,5,0.0666666666666666,21,3,NO_INVESTIGATION,63.74,63.74,2026-06-12,2026-09-29,99,True,True,True,False,1,2026-05-29
KLBF,75,75,0,2,0.0266666666666666,10,2,NO_INVESTIGATION,55.89,55.89,2026-06-12,2026-09-29,99,True,True,True,False,1,2026-05-29
MIKA,75,75,0,4,0.0533333333333333,16,3,NO_INVESTIGATION,69.55,69.55,2026-06-12,2026-09-29,99,True,True,True,False,1,2026-05-29
CTRA,75,75,0,4,0.0533333333333333,14,2,NO_INVESTIGATION,67.03,67.03,2026-06-12,2026-09-29,99,True,True,True,False,1,2026-05-29
BSDE,75,75,0,1,0.0133333333333333,5,1,NO_INVESTIGATION,49.01,49.01,2026-06-12,2026-09-29,99,True,True,True,False,1,2026-05-29
NCKL,75,75,0,1,0.0133333333333333,5,1,NO_INVESTIGATION,48.38,45.53,2026-06-12,2026-09-29,99,True,True,True,False,1,2026-05-29
AMMN,75,75,0,1,0.0133333333333333,5,1,NO_INVESTIGATION,58.05,50.44,2026-06-12,2026-09-29,99,True,True,True,False,1,2026-05-29
EMTK,75,75,0,3,0.04,12,2,NO_INVESTIGATION,58.61,58.61,2026-06-12,2026-09-29,99,True,True,True,False,1,2026-05-29
