investigation_id,symbol,peer_group,opened_at,last_linked_at,closed,closed_at,close_reason,linked_sessions,active_sessions,hard_hits,support_sessions,peak_state,open_context_scope,open_context_specificity_score,open_market_activity_breadth,open_peer_activity_breadth,max_evidence_confidence_v3,max_context_specificity_score
ADRO-20260619-01,ADRO,energy,2026-06-19,2026-06-23,True,2026-06-23,TWO_UNSUPPORTED_SESSIONS,3,2,1,1,EMERGING,MIXED_CONTEXT,52.35,0.6296,0.0,64.95,52.345679012345684
AMMN-20260619-01,AMMN,basic_materials,2026-06-19,2026-06-23,True,2026-06-23,TWO_UNSUPPORTED_SESSIONS,3,2,1,1,EMERGING,MARKET_WIDE_ACTIVITY,32.92,0.6296,0.3333,50.44,32.921810699588484
ASII-20260619-01,ASII,industrials,2026-06-19,2026-06-23,True,2026-06-23,TWO_UNSUPPORTED_SESSIONS,3,2,1,1,EMERGING,MARKET_WIDE_ACTIVITY,31.55,0.6296,1.0,66.3,31.550068587105624
KLBF-20260619-01,KLBF,healthcare,2026-06-19,2026-06-23,True,2026-06-23,TWO_UNSUPPORTED_SESSIONS,3,2,1,1,EMERGING,MARKET_WIDE_ACTIVITY,19.2,0.6296,1.0,48.96,85.59670781893004
MIKA-20260619-01,MIKA,healthcare,2026-06-19,2026-06-23,True,2026-06-23,TWO_UNSUPPORTED_SESSIONS,3,2,1,1,EMERGING,MARKET_WIDE_ACTIVITY,32.92,0.6296,1.0,53.12,32.92181069958847
UNTR-20260619-01,UNTR,industrials,2026-06-19,2026-06-23,True,2026-06-23,TWO_UNSUPPORTED_SESSIONS,3,2,1,1,EMERGING,MARKET_WIDE_ACTIVITY,31.55,0.6296,1.0,62.18,31.550068587105624
ISAT-20260625-01,ISAT,telecom,2026-06-25,2026-06-29,True,2026-06-29,TWO_UNSUPPORTED_SESSIONS,3,2,1,1,EMERGING,STOCK_SPECIFIC_ACTIVITY,78.46,0.1852,0.0,51.72,78.46364883401921
CTRA-20260707-01,CTRA,property,2026-07-07,2026-07-13,True,2026-07-13,TWO_UNSUPPORTED_SESSIONS,5,4,1,2,DEVELOPING,STOCK_SPECIFIC_ACTIVITY,96.3,0.037,0.0,55.34,96.2962962962963
KLBF-20260715-02,KLBF,healthcare,2026-07-15,2026-07-20,True,2026-07-20,TWO_UNSUPPORTED_SESSIONS,4,3,1,2,DEVELOPING,STOCK_SPECIFIC_ACTIVITY,88.89,0.1111,0.0,55.89,88.88888888888889
MYOR-20260715-01,MYOR,consumer_non_cyclical,2026-07-15,2026-07-21,True,2026-07-21,TWO_UNSUPPORTED_SESSIONS,5,4,2,3,DEVELOPING,STOCK_SPECIFIC_ACTIVITY,91.36,0.1111,0.0,52.29,91.35802469135803
TINS-20260716-01,TINS,basic_materials,2026-07-16,2026-07-27,True,2026-07-27,TWO_UNSUPPORTED_SESSIONS,8,7,3,5,ESTABLISHED,STOCK_SPECIFIC_ACTIVITY,69.42,0.1852,0.1667,78.8,69.42386831275722
EMTK-20260717-01,EMTK,technology,2026-07-17,2026-07-23,True,2026-07-23,TWO_UNSUPPORTED_SESSIONS,5,4,2,3,DEVELOPING,MIXED_CONTEXT,57.34,0.2963,,55.85,57.338820301783265
ICBP-20260717-01,ICBP,consumer_non_cyclical,2026-07-17,2026-07-22,True,2026-07-22,TWO_UNSUPPORTED_SESSIONS,4,3,1,2,DEVELOPING,STOCK_SPECIFIC_ACTIVITY,72.84,0.2963,0.0,51.47,72.83950617283952
BRMS-20260720-01,BRMS,basic_materials,2026-07-20,2026-07-24,True,2026-07-24,TWO_UNSUPPORTED_SESSIONS,5,4,1,3,DEVELOPING,STOCK_SPECIFIC_ACTIVITY,76.21,0.2593,0.0,61.58,76.21399176954733
INDF-20260720-01,INDF,consumer_non_cyclical,2026-07-20,2026-07-22,True,2026-07-22,TWO_UNSUPPORTED_SESSIONS,3,2,1,1,EMERGING,STOCK_SPECIFIC_ACTIVITY,84.44,0.2593,0.0,54.26,84.44444444444444
CPIN-20260721-01,CPIN,consumer_non_cyclical,2026-07-21,2026-07-23,True,2026-07-23,TWO_UNSUPPORTED_SESSIONS,3,2,1,1,EMERGING,STOCK_SPECIFIC_ACTIVITY,77.04,0.3333,0.0,52.91,77.03703703703704
MDKA-20260721-01,MDKA,basic_materials,2026-07-21,2026-07-24,True,2026-07-24,TWO_UNSUPPORTED_SESSIONS,4,3,2,2,DEVELOPING,PEER_CLUSTERED_ACTIVITY,40.74,0.3333,0.6667,60.7,40.74074074074075
PGAS-20260721-01,PGAS,energy,2026-07-21,2026-07-23,True,2026-07-23,TWO_UNSUPPORTED_SESSIONS,3,2,1,1,EMERGING,STOCK_SPECIFIC_ACTIVITY,69.63,0.3333,0.0,48.33,69.62962962962963
ANTM-20260722-01,ANTM,basic_materials,2026-07-22,2026-07-27,True,2026-07-27,TWO_UNSUPPORTED_SESSIONS,4,3,1,2,DEVELOPING,PEER_CLUSTERED_ACTIVITY,21.85,0.4815,0.8333,56.67,21.85185185185185
INCO-20260723-01,INCO,basic_materials,2026-07-23,2026-07-28,True,2026-07-28,TWO_UNSUPPORTED_SESSIONS,4,3,1,2,DEVELOPING,MARKET_WIDE_ACTIVITY,35.56,0.5185,0.8333,58.27,59.876543209876544
PTBA-20260723-01,PTBA,energy,2026-07-23,2026-07-28,True,2026-07-28,TWO_UNSUPPORTED_SESSIONS,4,3,1,2,DEVELOPING,MARKET_WIDE_ACTIVITY,28.19,0.5185,0.5,66.54,91.35802469135803
ICBP-20260724-02,ICBP,consumer_non_cyclical,2026-07-24,2026-08-03,True,2026-08-03,TWO_UNSUPPORTED_SESSIONS,7,6,1,3,DEVELOPING,STOCK_SPECIFIC_ACTIVITY,79.75,0.2222,0.0,53.31,93.49794238683128
ISAT-20260728-02,ISAT,telecom,2026-07-28,2026-07-30,True,2026-07-30,TWO_UNSUPPORTED_SESSIONS,3,2,1,1,EMERGING,STOCK_SPECIFIC_ACTIVITY,96.3,0.037,0.0,43.57,96.2962962962963
INDF-20260729-02,INDF,consumer_non_cyclical,2026-07-29,2026-08-04,True,2026-08-04,TWO_UNSUPPORTED_SESSIONS,5,4,2,3,DEVELOPING,STOCK_SPECIFIC_ACTIVITY,89.38,0.1111,0.0,65.6,89.38271604938271
MYOR-20260731-02,MYOR,consumer_non_cyclical,2026-07-31,2026-08-04,True,2026-08-04,TWO_UNSUPPORTED_SESSIONS,3,2,1,1,EMERGING,STOCK_SPECIFIC_ACTIVITY,65.76,0.2963,0.3333,55.2,65.76131687242798
PTBA-20260731-02,PTBA,energy,2026-07-31,2026-08-07,True,2026-08-07,TWO_UNSUPPORTED_SESSIONS,6,5,2,3,DEVELOPING,STOCK_SPECIFIC_ACTIVITY,77.53,0.2963,0.0,64.81,77.53086419753086
BSDE-20260805-01,BSDE,property,2026-08-05,2026-08-07,True,2026-08-07,TWO_UNSUPPORTED_SESSIONS,3,2,1,1,EMERGING,MIXED_CONTEXT,39.09,0.4444,1.0,49.01,55.96707818930041
ASII-20260810-02,ASII,industrials,2026-08-10,2026-08-13,True,2026-08-13,TWO_UNSUPPORTED_SESSIONS,4,3,1,2,DEVELOPING,MIXED_CONTEXT,54.73,0.2963,0.0,50.41,89.16323731138547
CPIN-20260810-02,CPIN,consumer_non_cyclical,2026-08-10,2026-08-12,True,2026-08-12,TWO_UNSUPPORTED_SESSIONS,3,2,1,1,EMERGING,PEER_CLUSTERED_ACTIVITY,38.85,0.2963,0.6667,50.16,38.84773662551441
EMTK-20260810-02,EMTK,technology,2026-08-10,2026-08-12,True,2026-08-12,TWO_UNSUPPORTED_SESSIONS,3,2,1,1,EMERGING,MIXED_CONTEXT,59.95,0.2963,,51.26,59.945130315500684
CPIN-20260818-03,CPIN,consumer_non_cyclical,2026-08-18,2026-08-20,True,2026-08-20,TWO_UNSUPPORTED_SESSIONS,3,2,1,1,EMERGING,STOCK_SPECIFIC_ACTIVITY,85.43,0.1481,0.0,43.36,85.4320987654321
MIKA-20260820-02,MIKA,healthcare,2026-08-20,2026-08-26,True,2026-08-26,TWO_UNSUPPORTED_SESSIONS,4,3,2,2,DEVELOPING,MIXED_CONTEXT,61.73,0.3333,1.0,69.55,82.30452674897118
UNTR-20260826-02,UNTR,industrials,2026-08-26,2026-08-28,True,2026-08-28,TWO_UNSUPPORTED_SESSIONS,3,2,1,1,EMERGING,MARKET_WIDE_ACTIVITY,37.45,0.5185,0.0,58.42,37.4485596707819
CPIN-20260827-04,CPIN,consumer_non_cyclical,2026-08-27,2026-09-01,True,2026-09-01,TWO_UNSUPPORTED_SESSIONS,4,3,2,2,DEVELOPING,PEER_CLUSTERED_ACTIVITY,46.42,0.2963,0.6667,56.26,53.9917695473251
TLKM-20260827-01,TLKM,telecom,2026-08-27,2026-09-04,True,2026-09-04,TWO_UNSUPPORTED_SESSIONS,7,6,2,3,DEVELOPING,MIXED_CONTEXT,57.34,0.2963,0.0,65.01,57.338820301783265
BBCA-20260828-01,BBCA,financials,2026-08-28,2026-09-02,True,2026-09-02,TWO_UNSUPPORTED_SESSIONS,4,3,1,2,DEVELOPING,STOCK_SPECIFIC_ACTIVITY,66.17,0.2593,0.3333,56.89,66.17283950617283
ASII-20260831-03,ASII,industrials,2026-08-31,2026-09-03,True,2026-09-03,TWO_UNSUPPORTED_SESSIONS,4,3,2,2,DEVELOPING,MARKET_WIDE_ACTIVITY,16.46,0.6296,1.0,52.42,30.31550068587106
CTRA-20260831-02,CTRA,property,2026-08-31,2026-09-02,True,2026-09-02,TWO_UNSUPPORTED_SESSIONS,3,2,1,1,EMERGING,MARKET_WIDE_ACTIVITY,17.83,0.6296,1.0,48.69,17.83264746227709
UNTR-20260831-03,UNTR,industrials,2026-08-31,2026-09-02,True,2026-09-02,TWO_UNSUPPORTED_SESSIONS,3,2,1,1,EMERGING,MARKET_WIDE_ACTIVITY,23.32,0.6296,1.0,57.66,39.231824417009605
ISAT-20260901-03,ISAT,telecom,2026-09-01,2026-09-04,True,2026-09-04,TWO_UNSUPPORTED_SESSIONS,4,3,1,2,DEVELOPING,MARKET_WIDE_ACTIVITY,24.97,0.5185,0.0,36.73,33.882030178326474
CTRA-20260903-03,CTRA,property,2026-09-03,2026-09-15,True,2026-09-15,TWO_UNSUPPORTED_SESSIONS,9,8,2,5,ESTABLISHED,MIXED_CONTEXT,54.32,0.3333,0.0,63.03,69.41015089163238
MIKA-20260907-03,MIKA,healthcare,2026-09-07,2026-09-10,True,2026-09-10,TWO_UNSUPPORTED_SESSIONS,4,3,1,2,DEVELOPING,STOCK_SPECIFIC_ACTIVITY,72.02,0.2222,1.0,55.72,72.0164609053498
NCKL-20260907-01,NCKL,basic_materials,2026-09-07,2026-09-10,True,2026-09-10,TWO_UNSUPPORTED_SESSIONS,4,3,1,2,DEVELOPING,STOCK_SPECIFIC_ACTIVITY,78.02,0.2222,0.0,49.53,78.0246913580247
BBNI-20260908-01,BBNI,financials,2026-09-08,2026-09-10,True,2026-09-10,TWO_UNSUPPORTED_SESSIONS,3,2,1,1,EMERGING,STOCK_SPECIFIC_ACTIVITY,65.19,0.3704,0.0,37.8,65.18518518518519
ADRO-20260909-02,ADRO,energy,2026-09-09,2026-09-11,True,2026-09-11,TWO_UNSUPPORTED_SESSIONS,3,2,1,1,EMERGING,MARKET_WIDE_ACTIVITY,27.12,0.5185,0.5,46.21,27.11934156378601
ANTM-20260909-02,ANTM,basic_materials,2026-09-09,2026-09-11,True,2026-09-11,TWO_UNSUPPORTED_SESSIONS,3,2,1,1,EMERGING,MARKET_WIDE_ACTIVITY,34.57,0.5185,0.6667,66.88,46.666666666666664
INCO-20260909-02,INCO,basic_materials,2026-09-09,2026-09-14,True,2026-09-14,TWO_UNSUPPORTED_SESSIONS,4,3,2,2,DEVELOPING,MARKET_WIDE_ACTIVITY,28.07,0.5185,0.6667,57.44,63.37448559670782
ISAT-20260909-04,ISAT,telecom,2026-09-09,2026-09-16,True,2026-09-16,TWO_UNSUPPORTED_SESSIONS,6,5,2,4,ESTABLISHED,MARKET_WIDE_ACTIVITY,33.88,0.5185,0.0,62.85,45.267489711934154
MYOR-20260918-03,MYOR,consumer_non_cyclical,2026-09-18,2026-09-22,True,2026-09-22,TWO_UNSUPPORTED_SESSIONS,3,2,1,1,EMERGING,MIXED_CONTEXT,48.89,0.4444,0.3333,52.05,48.88888888888889
