date,market_eligible_count,market_activity_median,market_activity_p75,market_activity_gate_count,market_activity_breadth,market_spot_hit_count,market_spot_hit_breadth
2026-06-12,27,7.79,25.415,4,0.14814814814814814,0,0.0
2026-06-15,27,42.94,64.585,13,0.48148148148148145,0,0.0
2026-06-17,27,0.0,18.119999999999997,4,0.14814814814814814,0,0.0
2026-06-18,27,0.0,2.745,1,0.037037037037037035,0,0.0
2026-06-19,27,66.7,70.0,17,0.6296296296296297,6,0.2222222222222222
2026-06-22,27,0.0,14.54,1,0.037037037037037035,0,0.0
2026-06-23,27,0.0,0.0,1,0.037037037037037035,0,0.0
2026-06-24,27,0.0,10.780000000000001,1,0.037037037037037035,0,0.0
2026-06-25,27,0.0,12.219999999999999,5,0.18518518518518517,1,0.037037037037037035
2026-06-26,27,0.0,0.0,1,0.037037037037037035,0,0.0
2026-06-29,27,0.0,0.0,1,0.037037037037037035,0,0.0
2026-06-30,27,0.0,25.9,2,0.07407407407407407,0,0.0
2026-07-01,27,0.0,0.0,1,0.037037037037037035,0,0.0
2026-07-02,27,0.0,0.0,1,0.037037037037037035,0,0.0
2026-07-03,27,0.0,0.0,1,0.037037037037037035,0,0.0
2026-07-06,27,0.0,0.0,0,0.0,0,0.0
2026-07-07,27,0.0,6.77,1,0.037037037037037035,1,0.037037037037037035
2026-07-08,27,0.0,0.02,0,0.0,0,0.0
2026-07-09,27,0.0,0.0,0,0.0,0,0.0
2026-07-10,27,0.0,0.0,0,0.0,0,0.0
2026-07-13,27,0.0,0.0,2,0.07407407407407407,0,0.0
2026-07-14,27,4.74,24.61,6,0.2222222222222222,0,0.0
2026-07-15,27,3.06,20.625,3,0.1111111111111111,2,0.07407407407407407
2026-07-16,27,2.62,37.715,5,0.18518518518518517,2,0.07407407407407407
2026-07-17,27,10.93,54.2,8,0.2962962962962963,2,0.07407407407407407
2026-07-20,27,31.73,51.675,7,0.25925925925925924,2,0.07407407407407407
2026-07-21,27,21.74,66.245,9,0.3333333333333333,5,0.18518518518518517
2026-07-22,27,44.55,85.55000000000001,13,0.48148148148148145,3,0.1111111111111111
2026-07-23,27,50.68,81.85,14,0.5185185185185185,2,0.07407407407407407
2026-07-24,27,11.43,44.915,6,0.2222222222222222,1,0.037037037037037035
2026-07-27,27,0.0,14.01,1,0.037037037037037035,0,0.0
2026-07-28,27,0.0,4.82,1,0.037037037037037035,1,0.037037037037037035
2026-07-29,27,2.68,28.005,3,0.1111111111111111,1,0.037037037037037035
2026-07-30,27,0.45,16.86,2,0.07407407407407407,0,0.0
2026-07-31,27,9.39,62.57,8,0.2962962962962963,3,0.1111111111111111
2026-08-03,27,13.11,61.47,9,0.3333333333333333,1,0.037037037037037035
2026-08-04,27,10.55,26.145000000000003,5,0.18518518518518517,0,0.0
2026-08-05,27,40.75,82.745,12,0.4444444444444444,1,0.037037037037037035
2026-08-06,27,18.02,56.93,10,0.37037037037037035,0,0.0
2026-08-07,27,0.0,28.735,4,0.14814814814814814,0,0.0
2026-08-10,27,12.47,68.595,8,0.2962962962962963,3,0.1111111111111111
2026-08-11,27,2.88,13.344999999999999,2,0.07407407407407407,0,0.0
2026-08-12,27,0.0,9.42,1,0.037037037037037035,0,0.0
2026-08-13,27,0.0,3.51,1,0.037037037037037035,0,0.0
2026-08-14,27,0.0,1.06,2,0.07407407407407407,0,0.0
2026-08-18,27,2.79,22.799999999999997,4,0.14814814814814814,1,0.037037037037037035
2026-08-19,27,0.0,27.994999999999997,6,0.2222222222222222,0,0.0
2026-08-20,27,10.87,68.375,9,0.3333333333333333,1,0.037037037037037035
2026-08-21,27,0.0,22.455,3,0.1111111111111111,1,0.037037037037037035
2026-08-24,27,6.91,39.585,6,0.2222222222222222,0,0.0
2026-08-26,27,50.01,74.195,14,0.5185185185185185,1,0.037037037037037035
2026-08-27,27,0.0,54.835,8,0.2962962962962963,2,0.07407407407407407
2026-08-28,27,0.0,48.61,7,0.25925925925925924,2,0.07407407407407407
2026-08-31,27,69.98,80.765,17,0.6296296296296297,4,0.14814814814814814
2026-09-01,27,54.42,84.5,14,0.5185185185185185,2,0.07407407407407407
2026-09-02,27,17.97,62.275000000000006,8,0.2962962962962963,0,0.0
2026-09-03,27,32.28,69.175,9,0.3333333333333333,1,0.037037037037037035
2026-09-04,27,0.0,24.19,5,0.18518518518518517,1,0.037037037037037035
2026-09-07,27,0.77,43.894999999999996,6,0.2222222222222222,2,0.07407407407407407
2026-09-08,27,21.11,72.91999999999999,10,0.37037037037037035,1,0.037037037037037035
2026-09-09,27,51.62,75.14,14,0.5185185185185185,4,0.14814814814814814
2026-09-10,27,23.38,67.435,12,0.4444444444444444,2,0.07407407407407407
2026-09-11,27,18.62,50.334999999999994,7,0.25925925925925924,0,0.0
2026-09-14,27,26.07,74.15,11,0.4074074074074074,0,0.0
2026-09-15,27,0.0,11.379999999999999,4,0.14814814814814814,0,0.0
2026-09-16,27,0.0,19.835,2,0.07407407407407407,0,0.0
2026-09-17,27,0.0,8.625,3,0.1111111111111111,0,0.0
2026-09-18,27,48.09,72.95,12,0.4444444444444444,1,0.037037037037037035
2026-09-21,27,0.0,3.005,2,0.07407407407407407,0,0.0
2026-09-22,27,2.89,15.330000000000002,4,0.14814814814814814,0,0.0
2026-09-23,27,0.0,4.3549999999999995,2,0.07407407407407407,0,0.0
2026-09-24,27,0.0,0.0,2,0.07407407407407407,0,0.0
2026-09-25,27,0.0,0.0,1,0.037037037037037035,0,0.0
2026-09-28,27,0.0,4.0649999999999995,1,0.037037037037037035,0,0.0
2026-09-29,27,13.22,41.695,3,0.1111111111111111,0,0.0
