symbol,peer_group
ANTM,basic_materials
INCO,basic_materials
TINS,basic_materials
BRMS,basic_materials
MDKA,basic_materials
NCKL,basic_materials
AMMN,basic_materials
BBCA,financials
BBRI,financials
BMRI,financials
BBNI,financials
TLKM,telecom
ISAT,telecom
PTBA,energy
ADRO,energy
PGAS,energy
ASII,industrials
UNTR,industrials
ICBP,consumer_non_cyclical
INDF,consumer_non_cyclical
MYOR,consumer_non_cyclical
CPIN,consumer_non_cyclical
KLBF,healthcare
MIKA,healthcare
CTRA,property
BSDE,property
GOTO,technology
EMTK,technology
